INSERT INTO employee VALUES (413155812,'Peter Jaillet', '1969-12-26','Brunswick Cross', 'Wilmington', '9993-602', 645589, 7568),
							(413155813,'Lisabeth Stutzman', '1970-12-08','Alexander Lane', 'Moscow', '6975-308', 645590, 1996),
							(413155814,'Latasha Kaiser', '1979-04-22','Feltham Road', 'Verdi', '4973-501', 645591, 6881),
							(413155815,'Jane Sweettooth', '1983-07-05','Dickens Las', 'Wilmington', '9717-832', 645592, 3377),
							(413155816,'Marianela Berning', '1976-12-24','Tennyson Moor', 'Wilmington', '1184-544', 645593, 2499),
							(413155817,'Monet Todd', '1986-01-25','Spinney Brambles', 'Santa Rosa', '8243-189', 645594, 3732),
							(413155818,'Laura Creager', '1984-03-01','Phillips Place', 'Verdi', '5267-992', 645595, 9101),
							(413155819,'Melaine Kuchera', '1971-12-14','Greenacres Vale', 'Mobile', '1710-845', 645596, 8766),
							(413155820,'Jane Sweettooth', '1981-10-14','Linden Hill', 'Belmopan', '7986-662', 645597, 6663),
							(413155821,'Vivien Fraizer', '1986-10-13','Severn Circus', 'Peterson Afb', '9738-958', 645598, 1756);



 INSERT INTO phone_number_employee VALUES (413155812, 913108077),
										  (413155812, 913108081),
										  (413155813, 913108082),
										  (413155814, 913108086),
										  (413155814, 913108090),
										  (413155815, 913108091),
										  (413155816, 913108095),
										  (413155816, 913108099),
										  (413155817, 913108100),
										  (413155818, 913108104),
										  (413155818, 913108108),
										  (413155819, 913108112),
										  (413155819, 913108116),
										  (413155820, 913108120),
										  (413155820, 913108124),
										  (413155821, 913108125);



 INSERT INTO receptionist VALUES (413155812),
								 (413155813);



 INSERT INTO doctor VALUES (413155814, 'General Dentist', 'Launched his career as a firefighter, but a curious series of events and insights inspired him to pursue medicine instead.', '413155814@dentesbrilhantes.com.br'),
						   (413155815, 'Prosthodontist', 'Trained in internal medicine at the University of Oregon Health Sciences and pulmonary critical care medicine at UOHS and the University of Southern California.', '413155815@dentesbrilhantes.com.br'),
						   (413155816, 'General Dentist', 'Believes that compassion must reign over all else.', '413155816@dentesbrilhantes.com.br'),
						   (413155817, 'Periodontist', 'Reflects on a decade spent with the California Shock/Trauma Air Rescue as a flight nurse.', '413155817@dentesbrilhantes.com.br');



 INSERT INTO nurse VALUES (413155818),
						  (413155819),
						  (413155820),
						  (413155821);



 INSERT INTO client VALUES (413156502,'Jaida Chase', '1941-6-4','Feltham Road', 'Moscow', '7264-911', 'F', 78),
						   (413156503,'Mckenna Medina', '1990-3-19','Bedford Circle', 'Basseterre', '2638-301', 'M', 29),
						   (413156504,'Jaylynn Nichols', '1913-4-15','Chartwell Garth', 'Sydney', '9531-452', 'M', 106),
						   (413156505,'Karter Kennedy', '1921-2-24','Severn Circus', 'Pocatello', '2139-590', 'F', 98),
						   (413156506,'Ayaan Leon', '1959-2-18','Bedford Grove', 'Beijing', '6616-895', 'M', 60),
						   (413156507,'Andy Peck', '1996-10-20','Brunswick Cross', 'Dorchester', '8394-804', 'M', 23),
						   (413156508,'Demarcus Day', '2016-11-11','Old Rectory Hollies', 'Peterson Afb', '7944-235', 'F', 3),
						   (413156509,'Samuel Mcneil', '1978-6-24','Willowhayne Gardens', 'Dorchester', '6595-186', 'M', 41),
						   (413156510,'Rylan Reid', '2004-11-27','Smithy Retreat', 'Beijing', '1491-440', 'M', 15),
						   (413156511,'Drake Hoover', '1959-5-26','Arden Strand', 'Beijing', '3566-480', 'F', 60),
						   (413156512,'Zachery Howard', '1916-11-1','Arden Strand', 'Sydney', '5587-879', 'M', 103),
						   (413156513,'Desirae Hill', '1985-3-11','Wesley Circle', 'Cape Town', '9589-421', 'M', 34),
						   (413156514,'Layton Mcguire', '1905-9-28','Melville Quadrant', 'Swan Island', '9643-142', 'F', 114),
						   (413156515,'Kassandra Travis', '2016-6-14','Phillips Place', 'Temecula', '9651-533', 'M', 3),
						   (413156516,'Brenton Mejia', '1967-6-9','Redhill Hollow', 'Pocatello', '8293-374', 'M', 52),
						   (413156517,'Lilian Farmer', '2009-2-16','Greenacres Vale', 'Moscow', '6729-811', 'F', 10),
						   (413156518,'Christian Lindsey', '2011-11-16','Henley Reach', 'Canton', '9569-338', 'M', 8),
						   (413156519,'Audrina Santiago', '1909-2-25','Old Rectory Hollies', 'Moreno Valley', '1964-686', 'M', 110),
						   (413156520,'Madalynn Walker', '1982-7-21','Woodhouse Mews', 'Estersnow', '5505-378', 'F', 37),
						   (413156521,'Harmony Kaufman', '2005-12-21','Henley Reach', 'Swan Island', '3207-875', 'M', 14);



 INSERT INTO phone_number_client VALUES (413156502, 913108126),
										(413156503, 913108127),
										(413156505, 913108131),
										(413156505, 913108135),
										(413156507, 913108140),
										(413156507, 913108144),
										(413156509, 913108148),
										(413156509, 913108152),
										(413156510, 913108153),
										(413156512, 913108154),
										(413156514, 913108158),
										(413156514, 913108162),
										(413156515, 913108163),
										(413156516, 913108164),
										(413156517, 913108165),
										(413156518, 913108166),
										(413156519, 913108170),
										(413156519, 913108174),
										(413156521, 913108175);



 INSERT INTO permanent_doctor VALUES (413155814, 25),
									 (413155815, 17);
									 


 INSERT INTO trainee_doctor VALUES (413155816, 413155814),
								   (413155817, 413155815);



 INSERT INTO supervision_report VALUES (413155816, '2019-3-4 23:20:48', 'Quite good, but can improve a lot', 2),
									   (413155816, '2019-5-12 8:14:38', 'Can be the Ronaldo of doctors', 2),
									   (413155817, '2019-3-25 10:55:55', 'Being late every time, should send him to unemployment', 5),
									   (413155817, '2019-5-9 20:49:51', 'Being late every time, should send him to unemployment', 3),
									   (413155817, '2019-7-23 15:28:53', 'Being late every time, should send him to unemployment', 5),
									   (413155817, '2019-9-25 10:55:55', 'He is really insufficient for this dental clinic', 4);



 INSERT INTO appointment VALUES (413155814, '2019-1-2 7:00:00', 'It will be the 3 kids together', 413156517),
								(413155814, '2019-1-2 8:00:00', 'He says he can be late', 413156507),
								(413155814, '2019-1-2 9:00:00', 'Cant reschedule, next time we loose the client', 413156502),
								(413155814, '2019-1-2 12:00:00', 'End of the treatment', 413156510),
								(413155814, '2019-1-2 14:00:00', 'It will be the 3 kids together', 413156508),
								(413155814, '2019-1-2 16:00:00', 'Rotine', 413156519),
								(413155814, '2019-1-2 17:00:00', 'He says he has a broken tongue', 413156515),
								(413155814, '2019-1-2 20:00:00', 'Rotine', 413156508),
								(413155814, '2019-1-2 22:00:00', 'Check up', 413156511),
								(413155814, '2019-1-2 23:00:00', 'It will be the 5 kids together', 413156514),
								(413155814, '2019-1-3 7:00:00', 'It will be the 3 kids together', 413156512),
								(413155814, '2019-1-3 9:00:00', 'Muscles affected', 413156519),
								(413155814, '2019-1-3 10:00:00', 'The patient spents too much time talking, take care', 413156515),
								(413155814, '2019-1-3 11:00:00', 'It will be the 3 kids together', 413156521),
								(413155814, '2019-1-3 14:00:00', 'The combined Oral Prophylaxis', 413156515),
								(413155814, '2019-1-3 15:00:00', 'Teeth hurt a lot', 413156507),
								(413155814, '2019-1-3 16:00:00', 'Just checking', 413156517),
								(413155814, '2019-1-3 17:00:00', 'He says he can be late', 413156506),
								(413155814, '2019-1-3 19:00:00', 'Rotine', 413156506),
								(413155814, '2019-1-3 22:00:00', 'It will be the 5 kids together', 413156516),
								(413155814, '2019-1-4 7:00:00', 'Check up', 413156513),
								(413155814, '2019-1-4 9:00:00', 'He says he can be late', 413156506),
								(413155814, '2019-1-4 10:00:00', 'Cant reschedule, next time we loose the client', 413156515),
								(413155814, '2019-1-4 13:00:00', 'Analisys', 413156506),
								(413155814, '2019-1-4 15:00:00', 'Just checking', 413156503),
								(413155814, '2019-1-4 17:00:00', 'Rotine', 413156508),
								(413155814, '2019-1-4 19:00:00', 'As talked it is to do the tooth extraction', 413156519),
								(413155814, '2019-1-4 21:00:00', 'Urgent', 413156509),
								(413155814, '2019-1-4 23:00:00', 'Cant reschedule, next time we loose the client', 413156511),
								(413155814, '2019-1-5 7:00:00', 'Teeth are smelling bad', 413156504),
								(413155814, '2019-1-5 8:00:00', 'Check up', 413156517),
								(413155814, '2019-1-5 9:00:00', 'Teeth are smelling bad', 413156521),
								(413155814, '2019-1-5 10:00:00', 'Cant reschedule, next time we loose the client', 413156520),
								(413155814, '2019-1-5 12:00:00', 'Teeth hurt a lot', 413156519),
								(413155814, '2019-1-5 15:00:00', 'As talked it is to do the tooth extraction', 413156502),
								(413155814, '2019-1-5 16:00:00', 'It will be the whole family', 413156517),
								(413155814, '2019-1-5 17:00:00', 'She must have drugs before', 413156504),
								(413155814, '2019-1-5 18:00:00', 'Teeth are smelling bad', 413156510),
								(413155814, '2019-1-5 21:00:00', 'As talked it is to do the tooth extraction', 413156512),
								(413155814, '2019-1-6 7:00:00', 'Teeth are smelling bad', 413156509),
								(413155814, '2019-1-6 8:00:00', 'She must have drugs before', 413156502),
								(413155814, '2019-1-6 10:00:00', 'Muscles affected', 413156519),
								(413155814, '2019-1-6 13:00:00', 'It will be the 5 kids together', 413156519),
								(413155814, '2019-1-6 14:00:00', 'The combined Oral Prophylaxis', 413156519),
								(413155814, '2019-1-6 16:00:00', 'Check up', 413156503),
								(413155814, '2019-1-6 19:00:00', 'Urgent', 413156520),
								(413155814, '2019-1-6 22:00:00', 'He wants to get the teeth more white', 413156510),
								(413155814, '2019-1-7 7:00:00', 'It will be the whole family', 413156509),
								(413155814, '2019-1-7 8:00:00', 'He says he can be late', 413156514),
								(413155814, '2019-1-7 10:00:00', 'It is to end the tooth fillings', 413156516),
								(413155814, '2019-1-7 13:00:00', 'Analisys', 413156511),
								(413155814, '2019-1-7 16:00:00', 'End of the treatment', 413156509),
								(413155814, '2019-1-7 18:00:00', 'Just checking', 413156517),
								(413155814, '2019-1-7 19:00:00', 'Teeth are smelling bad', 413156512),
								(413155814, '2019-1-7 22:00:00', 'End of the treatment', 413156521),
								(413155814, '2019-1-8 7:00:00', 'Teeth is hurting', 413156515),
								(413155814, '2019-1-8 9:00:00', 'Check up', 413156521),
								(413155814, '2019-1-8 11:00:00', 'He says he can be late', 413156513),
								(413155814, '2019-1-8 12:00:00', 'End of the treatment', 413156520),
								(413155814, '2019-1-8 15:00:00', 'She must have drugs before', 413156513),
								(413155814, '2019-1-8 18:00:00', 'He wants to bring his son', 413156521),
								(413155814, '2019-1-8 21:00:00', 'He wants to bring his son', 413156502),
								(413155814, '2019-1-8 22:00:00', 'Check up', 413156517),
								(413155814, '2019-1-9 7:00:00', 'It is to end the tooth fillings', 413156506),
								(413155814, '2019-1-9 10:00:00', 'Teeth hurt a lot', 413156512),
								(413155814, '2019-1-9 12:00:00', 'Dad will watch', 413156502),
								(413155814, '2019-1-9 14:00:00', 'Urgent', 413156506),
								(413155814, '2019-1-9 16:00:00', 'Teeth is hurting', 413156513),
								(413155814, '2019-1-9 17:00:00', 'Teeth are smelling bad', 413156510),
								(413155814, '2019-1-9 20:00:00', 'Teeth is hurting', 413156512),
								(413155814, '2019-1-9 21:00:00', 'Teeth is hurting', 413156517),
								(413155814, '2019-1-9 23:00:00', 'End of the treatment', 413156521),
								(413155814, '2019-1-10 7:00:00', 'Teeth is hurting', 413156513),
								(413155814, '2019-1-10 10:00:00', 'As talked it is to do the tooth extraction', 413156517),
								(413155814, '2019-1-10 12:00:00', 'Muscles affected', 413156521),
								(413155814, '2019-1-10 15:00:00', 'Cant reschedule, next time we loose the client', 413156521),
								(413155814, '2019-1-10 17:00:00', 'It will be the 3 kids together', 413156518),
								(413155814, '2019-1-10 18:00:00', 'He wants to bring his son', 413156509),
								(413155814, '2019-1-10 21:00:00', 'As talked it is to do the tooth extraction', 413156515),
								(413155814, '2019-1-10 23:00:00', 'Dad will watch', 413156505),
								(413155814, '2019-1-11 7:00:00', 'It will be the 5 kids together', 413156516),
								(413155814, '2019-1-11 10:00:00', 'End of the treatment', 413156507),
								(413155814, '2019-1-11 11:00:00', 'It will be the 5 kids together', 413156512),
								(413155814, '2019-1-11 12:00:00', 'She wants to pay in money', 413156507),
								(413155814, '2019-1-11 14:00:00', 'As talked it is to do the tooth extraction', 413156503),
								(413155814, '2019-1-11 17:00:00', 'Teeth are smelling bad', 413156509),
								(413155814, '2019-1-11 18:00:00', 'Teeth hurt a lot', 413156507),
								(413155814, '2019-1-11 21:00:00', 'The patient spents too much time talking, take care', 413156506),
								(413155814, '2019-1-11 22:00:00', 'She wants to pay in money', 413156505),
								(413155814, '2019-1-12 7:00:00', 'Urgent', 413156512),
								(413155814, '2019-1-12 9:00:00', 'She wants the nurse not to be the last one', 413156513),
								(413155814, '2019-1-12 12:00:00', 'He wants to get the teeth more white', 413156510),
								(413155814, '2019-1-12 14:00:00', 'She wants to pay in money', 413156521),
								(413155814, '2019-1-12 17:00:00', 'As talked it is to do the tooth extraction', 413156518),
								(413155814, '2019-1-12 18:00:00', 'It will be the whole family', 413156508),
								(413155814, '2019-1-12 21:00:00', 'He says he has a broken tongue', 413156503),
								(413155814, '2019-1-12 22:00:00', 'He says he can be late', 413156506),
								(413155814, '2019-1-13 7:00:00', 'It will be the whole family', 413156521),
								(413155814, '2019-1-13 10:00:00', 'It is to end the tooth fillings', 413156514),
								(413155814, '2019-1-13 11:00:00', 'Usual consult', 413156520),
								(413155814, '2019-1-13 13:00:00', 'End of the treatment', 413156506),
								(413155814, '2019-1-13 14:00:00', 'Dad will watch', 413156518),
								(413155814, '2019-1-13 15:00:00', 'He says he has a broken tongue', 413156519),
								(413155814, '2019-1-13 16:00:00', 'Teeth is hurting', 413156510),
								(413155814, '2019-1-13 19:00:00', 'Rotine', 413156514),
								(413155814, '2019-1-13 22:00:00', 'Usual consult', 413156519),
								(413155814, '2019-1-14 7:00:00', 'Usual consult', 413156509),
								(413155815, '2019-1-2 7:00:00', 'The combined Oral Prophylaxis', 413156513),
								(413155815, '2019-1-2 9:00:00', 'He wants to bring his son', 413156506),
								(413155815, '2019-1-2 11:00:00', 'Dad will watch', 413156519),
								(413155815, '2019-1-2 13:00:00', 'Cant reschedule, next time we loose the client', 413156509),
								(413155815, '2019-1-2 14:00:00', 'It will be the 3 kids together', 413156504),
								(413155815, '2019-1-2 17:00:00', 'He wants to get the teeth more white', 413156506),
								(413155815, '2019-1-2 18:00:00', 'As talked it is to do the tooth extraction', 413156508),
								(413155815, '2019-1-2 21:00:00', 'Dad will watch', 413156519),
								(413155815, '2019-1-3 7:00:00', 'Teeth hurt a lot', 413156521),
								(413155815, '2019-1-3 10:00:00', 'Rotine', 413156519),
								(413155815, '2019-1-3 12:00:00', 'Muscles affected', 413156516),
								(413155815, '2019-1-3 14:00:00', 'Cant reschedule, next time we loose the client', 413156513),
								(413155815, '2019-1-3 15:00:00', 'Usual consult', 413156509),
								(413155815, '2019-1-3 16:00:00', 'Urgent', 413156521),
								(413155815, '2019-1-3 18:00:00', 'He wants to get the teeth more white', 413156517),
								(413155815, '2019-1-3 19:00:00', 'Analisys', 413156503),
								(413155815, '2019-1-3 20:00:00', 'Dad will watch', 413156506),
								(413155815, '2019-1-3 23:00:00', 'He wants to get the teeth more white', 413156502),
								(413155816, '2019-1-2 7:00:00', 'He wants to bring his son', 413156520),
								(413155816, '2019-1-2 9:00:00', 'He says he can be late', 413156506),
								(413155816, '2019-1-2 12:00:00', 'Muscles affected', 413156504),
								(413155816, '2019-1-2 14:00:00', 'She wants the nurse not to be the last one', 413156517),
								(413155816, '2019-1-2 16:00:00', 'It will be the 3 kids together', 413156516),
								(413155816, '2019-1-2 19:00:00', 'It will be the 5 kids together', 413156518),
								(413155816, '2019-1-2 20:00:00', 'Usual consult', 413156518),
								(413155816, '2019-1-2 22:00:00', 'Teeth hurt a lot', 413156507),
								(413155816, '2019-1-2 23:00:00', 'Just checking', 413156519),
								(413155816, '2019-1-3 7:00:00', 'Analisys', 413156518),
								(413155816, '2019-1-3 8:00:00', 'Usual consult', 413156502),
								(413155816, '2019-1-3 9:00:00', 'It will be the 3 kids together', 413156516),
								(413155816, '2019-1-3 10:00:00', 'As talked it is to do the tooth extraction', 413156509),
								(413155816, '2019-1-3 12:00:00', 'The patient spents too much time talking, take care', 413156517);



 INSERT INTO consultation VALUES (413155814, '2019-1-2 7:00:00', '', 'periodontitis', '', ''),
								 (413155814, '2019-1-2 22:00:00', 'Fusce aliquam diam ac tellus interdum pretium.', '', 'Maecenas hendrerit sollicitudin lacinia. Duis ex magna, ultrices id faucibus ac, consequat sit amet est. ', ''),
								 (413155814, '2019-1-3 11:00:00', '', '', '', ''),
								 (413155814, '2019-1-3 15:00:00', '', 'gingivitis', '', ''),
								 (413155814, '2019-1-3 19:00:00', '', '', '', ''),
								 (413155814, '2019-1-4 13:00:00', '', '', 'Nullam id condimentum enim. Duis ut odio at neque dignissim bibendum. Maecenas a pretium nisl. ', ''),
								 (413155814, '2019-1-4 21:00:00', '', '', 'Quisque molestie nisl risus, vel volutpat nibh vestibulum vel. Morbi dui risus, bibendum eget finibus non, ornare nec augue. ', ''),
								 (413155814, '2019-1-4 23:00:00', 'Mauris blandit risus ac bibendum malesuada.', '', 'Praesent ut tellus sed ligula scelerisque porta sit amet non ligula. Nulla in vulputate lorem, et posuere ligula.', ''),
								 (413155814, '2019-1-5 10:00:00', '', '', 'bananas', ''),
								 (413155814, '2019-1-5 18:00:00', '', '', '', ''),
								 (413155814, '2019-1-6 10:00:00', '', '', '', ''),
								 (413155814, '2019-1-6 13:00:00', '', '', '', ''),
								 (413155814, '2019-1-7 22:00:00', 'Etiam massa est, accumsan id accumsan fringilla, venenatis vel est.', '', 'Etiam lacus tortor, porta nec massa at, rutrum tristique nibh. ', ''),
								 (413155814, '2019-1-8 9:00:00', 'Lorem ipsum dolor sit amet, consectetur adipiscing elit.', '', 'Morbi mattis urna vitae interdum cursus. ', ''),
								 (413155814, '2019-1-8 12:00:00', '', 'Nam sagittis urna nec velit luctus elementum.', '', ''),
								 (413155814, '2019-1-8 18:00:00', '', '', 'CR7', ''),
								 (413155814, '2019-1-8 21:00:00', '', '', '', ''),
								 (413155814, '2019-1-9 16:00:00', '', '', '', ''),
								 (413155814, '2019-1-9 20:00:00', 'Nam tempus pulvinar arcu, eget luctus nisl congue quis.', '', '', ''),
								 (413155814, '2019-1-10 23:00:00', 'Vestibulum vitae blandit erat.', '', 'Cras tincidunt imperdiet luctus.', ''),
								 (413155814, '2019-1-11 12:00:00', '', '', 'Lorem ipsum dolor sit amet, consectetur adipiscing elit. Etiam pulvinar dignissim nunc at tristique. ', ''),
								 (413155814, '2019-1-11 18:00:00', '', '', '', ''),
								 (413155814, '2019-1-11 22:00:00', 'Nulla tristique tempus velit, non consectetur ante suscipit sit amet.', '', 'Vivamus eget lobortis nisi. Vestibulum quis condimentum metus, et congue mauris. Pellentesque volutpat risus nec lectus mollis rutrum.', 'Pellentesque habitant morbi tristique senectus et netus et malesuada fames ac turpis egestas. '),
								 (413155814, '2019-1-13 14:00:00', '', '', '', 'Donec sagittis enim ut lorem vulputate, eget ultrices urna euismod. Donec felis dui, vehicula non ex sit amet, euismod porta magna. '),
								 (413155814, '2019-1-13 22:00:00', '', '', '', ''),
								 (413155815, '2019-1-2 11:00:00', '', '', '', ''),
								 (413155815, '2019-1-3 10:00:00', '', '', '', ''),
								 (413155815, '2019-1-3 15:00:00', '', 'Praesent dictum enim in risus dictum, eget imperdiet dolor convallis.', 'Cras tincidunt imperdiet luctus.', ''),
								 (413155815, '2019-1-3 20:00:00', '', 'Vestibulum arcu erat, molestie vitae magna sit amet, aliquam dapibus arcu.', '', 'Livin on a Prayer'),
								 (413155816, '2019-1-2 12:00:00', '', '', '', 'Curabitur sit amet imperdiet eros, rutrum egestas turpis. Nam pretium ipsum non arcu ultrices scelerisque. '),
								 (413155816, '2019-1-2 23:00:00', 'Etiam et ex eu elit rhoncus elementum cursus at nisi.', '', '', ''),
								 (413155816, '2019-1-3 12:00:00', '', '', 'Aliquam erat volutpat. Nunc in urna urna. Vestibulum ante ipsum primis in faucibus orci luctus et ultrices posuere cubilia Curae; ', '');



 INSERT INTO consultation_assistant VALUES (413155814, '2019-1-2 7:00:00', 413155820),
										   (413155814, '2019-1-2 7:00:00', 413155821),
										   (413155814, '2019-1-2 22:00:00', 413155820),
										   (413155814, '2019-1-2 22:00:00', 413155821),
										   (413155814, '2019-1-3 11:00:00', 413155820),
										   (413155814, '2019-1-3 11:00:00', 413155821),
										   (413155814, '2019-1-3 15:00:00', 413155819),
										   (413155814, '2019-1-3 15:00:00', 413155820),
										   (413155814, '2019-1-3 19:00:00', 413155819),
										   (413155814, '2019-1-4 13:00:00', 413155819),
										   (413155815, '2019-1-2 11:00:00', 413155821),
										   (413155816, '2019-1-2 12:00:00', 413155818);



 INSERT INTO diagnostic_code VALUES ('A-1001', 'Pterygoid hamulus '),
									('A-1002', 'Parotid papillae'),
									('A-1003', 'Lingual papillae'),
									('A-1004', 'Abscess'),
									('A-1005', 'Cellulitis'),
									('A-1006', 'Cysts'),
									('A-1007', 'Sialadenitis');
									


 INSERT INTO diagnostic_code_relation VALUES ('A-1001', 'A-1003', 'One makes the number two happen'),
											 ('A-1001', 'A-1007', 'One makes the number two happen'),
											 ('A-1002', 'A-1003', 'One makes the number two happen'),
											 ('A-1002', 'A-1007', 'One makes the number two happen'),
											 ('A-1003', 'A-1007', 'One makes the number two happen'),
											 ('A-1004', 'A-1007', 'One makes the number two happen'),
											 ('A-1005', 'A-1007', 'One makes the number two happen'),
											 ('A-1006', 'A-1007', 'One makes the number two happen');
											 


 INSERT INTO consultation_diagnostic VALUES (413155814, '2019-1-3 11:00:00', 'A-1003'),
											(413155816, '2019-1-2 12:00:00', 'A-1006'),
											(413155816, '2019-1-2 12:00:00', 'A-1007');



 INSERT INTO medication VALUES ('Biseptol', 'Alkermes'),
							   ('Biseptol', 'Repligen'),
							   ('Biseptol', 'Square Pharmaceuticals'),
							   ('Ciclobenzaprina', 'Novartis'),
							   ('Ciclobenzaprina', 'Solvay Group'),
							   ('Ciclobenzaprina', 'Zentiva'),
							   ('Curam', 'Merck & Co.'),
							   ('Curam', 'Rubicon Research'),
							   ('Curam', 'Zandu Pharmaceuticals'),
							   ('Diclofenaco', 'Clovis Oncology'),
							   ('Diclofenaco', 'Repligen'),
							   ('Diclofenaco', 'Yuhan Corporation');
							   


 INSERT INTO prescription VALUES ('Curam', 'Rubicon Research', 413155814, '2019-1-3 11:00:00', 'A-1003', 334, 'Take once a day for an year'),
								 ('Biseptol', 'Repligen', 413155816, '2019-1-2 12:00:00', 'A-1007', 32, 'Take once a day for a month'),
								 ('Biseptol', 'Square Pharmaceuticals', 413155816, '2019-1-2 12:00:00', 'A-1007', 1898, 'Take once a day for a month'),
								 ('Ciclobenzaprina', 'Novartis', 413155816, '2019-1-2 12:00:00', 'A-1007', 672, 'Take once a day for half an year');



 INSERT INTO proceduretable VALUES ('Abrasion (dental)', 'dental charting'),
							  ('Alveolar cleft grafting', 'radiology'),
							  ('Crown lengthening', 'dental charting'),
							  ('Dental sealant', 'dental charting'),
							  ('Dental surgery', 'radiology'),
							  ('Fluoride therapy', 'dental charting'),
							  ('Gum depigmentation', 'radiology'),
							  ('Gum lift', 'dental charting'),
							  ('Laser gingivectomy', 'dental charting'),
							  ('Osteo-odonto-keratoprosthesis', 'dental charting'),
							  ('Pulpotomy', 'radiology'),
							  ('Remineralisation of teeth', 'dental charting'),
							  ('Teeth cleaning', 'dental charting'),
							  ('Tooth whitening', 'dental charting'),
							  ('Temporary restoration', 'dental charting'),
							  ('Tooth polishing', 'dental charting');



 INSERT INTO procedure_in_consultation VALUES ('Remineralisation of teeth', 413155814, '2019-1-2 22:00:00', ''),
											  ('Tooth whitening', 413155814, '2019-1-3 15:00:00', ''),
											  ('Alveolar cleft grafting', 413155816, '2019-1-2 12:00:00', 'Procedure gone bad, need to do again'),
								 			  ('Tooth polishing', 413155816, '2019-1-2 23:00:00', 'Actually, he is too sick to do this, procedure aborted after the 5th tooth imploded.');




 INSERT INTO procedure_radiology VALUES ('Alveolar cleft grafting', 'C:\Users\whitesmile\radiology\0', 413155816, '2019-1-2 12:00:00');



 INSERT INTO teeth VALUES (1, 1, 'teeth-1'),
						  (1, 2, 'teeth-2'),
						  (1, 3, 'teeth-3'),
						  (1, 4, 'teeth-4'),
						  (1, 5, 'teeth-5'),
						  (1, 6, 'teeth-6'),
						  (1, 7, 'teeth-7'),
						  (1, 8, 'teeth-8'),
						  (2, 1, 'teeth-9'),
						  (2, 2, 'teeth-10'),
						  (2, 3, 'teeth-11'),
						  (2, 4, 'teeth-12'),
						  (2, 5, 'teeth-13'),
						  (2, 6, 'teeth-14'),
						  (2, 7, 'teeth-15'),
						  (2, 8, 'teeth-16'),
						  (3, 1, 'teeth-17'),
						  (3, 2, 'teeth-18'),
						  (3, 3, 'teeth-19'),
						  (3, 4, 'teeth-20'),
						  (3, 5, 'teeth-21'),
						  (3, 6, 'teeth-22'),
						  (3, 7, 'teeth-23'),
						  (3, 8, 'teeth-24'),
						  (4, 1, 'teeth-25'),
						  (4, 2, 'teeth-26'),
						  (4, 3, 'teeth-27'),
						  (4, 4, 'teeth-28'),
						  (4, 5, 'teeth-29'),
						  (4, 6, 'teeth-30'),
						  (4, 7, 'teeth-31'),
						  (4, 8, 'teeth-32');



 INSERT INTO procedure_charting VALUES ('Tooth polishing', 413155816, '2019-1-2 23:00:00', 1, 1, 'Tooth in bad state', 5),
				       ('Tooth polishing', 413155816, '2019-1-2 23:00:00', 1, 3, 'Tooth in bad state', 5),
				       ('Tooth polishing', 413155816, '2019-1-2 23:00:00', 1, 5, 'Tooth in really bad state', 10),
				       ('Tooth polishing', 413155816, '2019-1-2 23:00:00', 2, 1, 'Patient in extreme pain, lets proceed', 15),
				       ('Tooth polishing', 413155816, '2019-1-2 23:00:00', 4, 1, 'Tooth imploded, spreaded all over the room, itss enough for today', 666);
